imagine1,imagine2,imagine3,imagine4,gender,correct,time,primer,congruent,keyCorrect,keyPressed,trial,pictureCategory 
3,4,4,3,male,1,1141,imagery,0,ArrowDown,ArrowDown,1,9 
3,4,4,3,male,1,749,imagery,0, , ,2,20 
3,4,4,3,male,1,1199,ambient,0,ArrowDown,ArrowDown,3,5 
3,4,4,3,male,1,795,imagery,0,ArrowRight,ArrowRight,4,14 
3,4,4,3,male,1,760,visual,1,ArrowUp,ArrowUp,5,20 
3,4,4,3,male,1,834,imagery,1, , ,6,12 
3,4,4,3,male,0,960,ambient,0,ArrowRight, ,7,19 
3,4,4,3,male,1,815,visual,0,ArrowRight,ArrowRight,8,12 
3,4,4,3,male,1,664,imagery,1,ArrowUp,ArrowUp,9,3 
3,4,4,3,male,1,570,ambient,1,ArrowLeft,ArrowLeft,10,6 
3,4,4,3,male,1,775,ambient,1,ArrowDown,ArrowDown,11,16 
3,4,4,3,male,1,717,visual,1,ArrowDown,ArrowDown,12,8 
3,4,4,3,male,1,611,imagery,1,ArrowUp,ArrowUp,13,19 
3,4,4,3,male,1,673,imagery,1,ArrowRight,ArrowRight,14,1 
3,4,4,3,male,1,649,ambient,1,ArrowDown,ArrowDown,15,12 
3,4,4,3,male,0,699,imagery,0,ArrowRight,ArrowUp,16,2 
3,4,4,3,male,1,1405,visual,0,ArrowDown,ArrowDown,17,18 
3,4,4,3,male,1,1227,imagery,1,ArrowLeft,ArrowLeft,18,16 
3,4,4,3,male,1,939,visual,0,ArrowLeft,ArrowLeft,19,13 
3,4,4,3,male,1,910,ambient,0, , ,20,15 
3,4,4,3,male,1,641,ambient,1,ArrowLeft,ArrowLeft,21,3 
3,4,4,3,male,1,735,ambient,0,ArrowUp,ArrowUp,22,13 
3,4,4,3,male,1,909,imagery,0,ArrowUp,ArrowUp,23,10 
3,4,4,3,male,1,626,imagery,1,ArrowLeft,ArrowLeft,24,13 
3,4,4,3,male,1,534,ambient,1,ArrowRight,ArrowRight,25,18 
3,4,4,3,male,1,530,visual,1,ArrowLeft,ArrowLeft,26,11 
3,4,4,3,male,1,552,ambient,0,ArrowRight,ArrowRight,27,11 
3,4,4,3,male,1,704,imagery,1, , ,28,4 
3,4,4,3,male,1,653,imagery,1, , ,29,8 
3,4,4,3,male,1,665,visual,0,ArrowRight,ArrowRight,30,10 
3,4,4,3,male,1,672,visual,0, , ,31,9 
3,4,4,3,male,1,846,imagery,1,ArrowLeft,ArrowLeft,32,18 
3,4,4,3,male,1,1464,visual,1, , ,33,5 
3,4,4,3,male,1,1019,visual,1,ArrowDown,ArrowDown,34,3 
3,4,4,3,male,1,743,ambient,1,ArrowLeft,ArrowLeft,35,8 
3,4,4,3,male,0,678,ambient,0,ArrowRight,ArrowLeft,36,7 
3,4,4,3,male,1,823,ambient,0,ArrowRight,ArrowRight,37,9 
3,4,4,3,male,1,821,visual,1,ArrowDown,ArrowDown,38,19 
3,4,4,3,male,1,567,imagery,0,ArrowLeft,ArrowLeft,39,5 
3,4,4,3,male,1,515,ambient,0,ArrowRight,ArrowRight,40,14 
3,4,4,3,male,1,963,ambient,0,ArrowUp,ArrowUp,41,4 
3,4,4,3,male,1,611,visual,1,ArrowRight,ArrowRight,42,6 
3,4,4,3,male,1,860,visual,1, , ,43,15 
3,4,4,3,male,1,803,visual,0,ArrowUp,ArrowUp,44,7 
3,4,4,3,male,1,1002,visual,0,ArrowLeft,ArrowLeft,45,4 
3,4,4,3,male,1,1223,ambient,1,ArrowUp,ArrowUp,46,1 
3,4,4,3,male,1,590,imagery,1,ArrowUp,ArrowUp,47,11 
3,4,4,3,male,1,674,visual,0,ArrowLeft,ArrowLeft,48,2 
3,4,4,3,male,1,624,imagery,0,ArrowRight,ArrowRight,49,17 
3,4,4,3,male,1,559,ambient,0,ArrowUp,ArrowUp,50,17 
3,4,4,3,male,1,553,imagery,0,ArrowLeft,ArrowLeft,51,7 
3,4,4,3,male,0,574,visual,1,ArrowUp,ArrowLeft,52,14 
3,4,4,3,male,1,980,visual,1, , ,53,17 
3,4,4,3,male,1,968,ambient,1,ArrowRight,ArrowRight,54,2 
3,4,4,3,male,1,689,imagery,0,ArrowLeft,ArrowLeft,55,15 
3,4,4,3,male,1,750,ambient,1,ArrowLeft,ArrowLeft,56,10 
3,4,4,3,male,1,1097,visual,0, , ,57,1 
3,4,4,3,male,0,953,imagery,0,ArrowLeft,ArrowRight,58,6 
3,4,4,3,male,1,615,visual,0,ArrowUp,ArrowUp,59,16 
3,4,4,3,male,1,574,ambient,1,ArrowRight,ArrowRight,60,20 
4,4,5,4,male,1,1474,ambient,0,ArrowUp,ArrowUp,1,4 
4,4,5,4,male,1,1755,ambient,0, , ,2,17 
4,4,5,4,male,1,1964,visual,1,ArrowLeft,ArrowLeft,3,16 
4,4,5,4,male,1,1925,imagery,1, , ,4,7 
4,4,5,4,male,1,1636,ambient,1,ArrowDown,ArrowDown,5,16 
4,4,5,4,male,1,1245,ambient,1,ArrowUp,ArrowUp,6,8 
4,4,5,4,male,1,1462,imagery,1,ArrowUp,ArrowUp,7,12 
4,4,5,4,male,1,1639,ambient,1, , ,8,2 
4,4,5,4,male,1,1134,visual,0,ArrowUp,ArrowUp,9,19 
4,4,5,4,male,1,1450,imagery,0,ArrowLeft,ArrowLeft,10,8 
4,4,5,4,male,1,1226,visual,1,ArrowUp,ArrowUp,11,20 
4,4,5,4,male,1,1487,ambient,0,ArrowDown,ArrowDown,12,7 
4,4,5,4,male,1,1194,visual,1,ArrowDown,ArrowDown,13,15 
4,4,5,4,male,1,1141,imagery,1,ArrowRight,ArrowRight,14,14 
4,4,5,4,male,1,1240,imagery,0,ArrowDown,ArrowDown,15,3 
4,4,5,4,male,1,1445,ambient,0,ArrowUp,ArrowUp,16,11 
4,4,5,4,male,1,1197,imagery,0,ArrowUp,ArrowUp,17,6 
4,4,5,4,male,1,1681,ambient,0,ArrowDown,ArrowDown,18,10 
4,4,5,4,male,1,890,ambient,1,ArrowUp,ArrowUp,19,19 
4,4,5,4,male,1,1404,visual,0, , ,20,18 
4,4,5,4,male,1,1513,imagery,1,ArrowRight,ArrowRight,21,2 
4,4,5,4,male,1,1443,visual,0,ArrowDown,ArrowDown,22,2 
4,4,5,4,male,1,1051,visual,0,ArrowRight,ArrowRight,23,13 
4,4,5,4,male,1,1247,visual,0, , ,24,17 
4,4,5,4,male,1,1446,visual,1,ArrowUp,ArrowUp,25,1 
4,4,5,4,male,1,1210,visual,1,ArrowUp,ArrowUp,26,12 
4,4,5,4,male,1,1260,visual,0,ArrowLeft,ArrowLeft,27,6 
4,4,5,4,male,1,1447,visual,0,ArrowDown,ArrowDown,28,9 
4,4,5,4,male,1,1159,imagery,1,ArrowRight,ArrowRight,29,5 
4,4,5,4,male,1,999,ambient,0,ArrowDown,ArrowDown,30,13 
4,4,5,4,male,1,1235,ambient,0,ArrowRight,ArrowRight,31,20 
4,4,5,4,male,1,1000,ambient,1,ArrowRight,ArrowRight,32,15 
4,4,5,4,male,1,1832,imagery,0,ArrowUp,ArrowUp,33,10 
4,4,5,4,male,1,1015,visual,1, , ,34,7 
4,4,5,4,male,1,1073,imagery,0, , ,35,19 
4,4,5,4,male,1,1419,ambient,0,ArrowLeft,ArrowLeft,36,6 
4,4,5,4,male,1,1178,visual,1, , ,37,10 
4,4,5,4,male,1,806,imagery,1,ArrowRight,ArrowRight,38,20 
4,4,5,4,male,1,980,imagery,0,ArrowUp,ArrowUp,39,9 
4,4,5,4,male,1,941,ambient,1,ArrowUp,ArrowUp,40,9 
4,4,5,4,male,0,957,imagery,0,ArrowDown, ,41,17 
4,4,5,4,male,1,1386,ambient,1,ArrowUp,ArrowUp,42,5 
4,4,5,4,male,1,1444,imagery,1,ArrowRight,ArrowRight,43,15 
4,4,5,4,male,1,1393,visual,0,ArrowDown,ArrowDown,44,3 
4,4,5,4,male,1,1170,imagery,0,ArrowLeft,ArrowLeft,45,1 
4,4,5,4,male,1,1308,imagery,0, , ,46,11 
4,4,5,4,male,1,1207,ambient,1,ArrowLeft,ArrowLeft,47,14 
4,4,5,4,male,1,955,ambient,0,ArrowUp,ArrowUp,48,3 
4,4,5,4,male,1,1621,ambient,0,ArrowLeft,ArrowLeft,49,1 
4,4,5,4,male,1,1082,visual,1, , ,50,4 
4,4,5,4,male,1,1490,visual,1, , ,51,14 
4,4,5,4,male,1,1378,imagery,0, , ,52,18 
4,4,5,4,male,1,1660,imagery,1,ArrowDown,ArrowDown,53,16 
4,4,5,4,male,1,1122,visual,1,ArrowRight,ArrowRight,54,11 
4,4,5,4,male,1,1369,ambient,1,ArrowRight,ArrowRight,55,12 
4,4,5,4,male,1,1048,ambient,1,ArrowLeft,ArrowLeft,56,18 
4,4,5,4,male,1,982,imagery,1,ArrowDown,ArrowDown,57,4 
4,4,5,4,male,1,1229,visual,0,ArrowLeft,ArrowLeft,58,5 
4,4,5,4,male,1,1042,visual,0,ArrowRight,ArrowRight,59,8 
4,4,5,4,male,1,1485,imagery,1,ArrowDown,ArrowDown,60,13 
3,3,3,3,male,1,1699,ambient,1,ArrowDown,ArrowDown,1,13 
3,3,3,3,male,1,1615,ambient,0,ArrowUp,ArrowUp,2,11 
3,3,3,3,male,1,894,visual,1,ArrowRight,ArrowRight,3,4 
3,3,3,3,male,1,764,ambient,0,ArrowLeft,ArrowLeft,4,5 
3,3,3,3,male,1,1018,ambient,1, , ,5,20 
3,3,3,3,male,1,929,imagery,1,ArrowRight,ArrowRight,6,8 
3,3,3,3,male,1,879,imagery,0,ArrowRight,ArrowRight,7,20 
3,3,3,3,male,1,1237,imagery,0,ArrowDown,ArrowDown,8,16 
3,3,3,3,male,1,863,imagery,1,ArrowRight,ArrowRight,9,3 
3,3,3,3,male,1,923,visual,1,ArrowUp,ArrowUp,10,9 
3,3,3,3,male,1,1202,ambient,1,ArrowLeft,ArrowLeft,11,10 
3,3,3,3,male,1,988,ambient,0,ArrowRight,ArrowRight,12,17 
3,3,3,3,male,1,1068,imagery,1,ArrowLeft,ArrowLeft,13,14 
3,3,3,3,male,1,940,imagery,0,ArrowRight,ArrowRight,14,17 
3,3,3,3,male,1,741,visual,0,ArrowUp,ArrowUp,15,14 
3,3,3,3,male,1,1383,imagery,1,ArrowLeft,ArrowLeft,16,19 
3,3,3,3,male,1,795,ambient,1,ArrowDown,ArrowDown,17,8 
3,3,3,3,male,1,688,imagery,0,ArrowUp,ArrowUp,18,13 
3,3,3,3,male,1,787,visual,1,ArrowDown,ArrowDown,19,3 
3,3,3,3,male,1,742,visual,1,ArrowUp,ArrowUp,20,13 
3,3,3,3,male,1,666,visual,0,ArrowRight,ArrowRight,21,20 
3,3,3,3,male,1,1390,visual,0, , ,22,11 
3,3,3,3,male,1,939,ambient,0,ArrowDown,ArrowDown,23,19 
3,3,3,3,male,0,559,ambient,0,ArrowLeft,ArrowDown,24,6 
3,3,3,3,male,1,1026,ambient,0,ArrowUp,ArrowUp,25,12 
3,3,3,3,male,1,756,visual,0,ArrowRight,ArrowRight,26,10 
3,3,3,3,male,1,700,ambient,1,ArrowRight,ArrowRight,27,2 
3,3,3,3,male,1,998,ambient,0,ArrowRight,ArrowRight,28,9 
3,3,3,3,male,1,857,imagery,1,ArrowRight,ArrowRight,29,1 
3,3,3,3,male,1,823,visual,1,ArrowDown,ArrowDown,30,7 
3,3,3,3,male,1,930,ambient,1,ArrowDown,ArrowDown,31,1 
3,3,3,3,male,1,1129,imagery,1, , ,32,15 
3,3,3,3,male,1,818,ambient,1,ArrowLeft,ArrowLeft,33,15 
3,3,3,3,male,1,764,visual,1,ArrowLeft,ArrowLeft,34,19 
3,3,3,3,male,1,863,visual,0, , ,35,15 
3,3,3,3,male,1,918,visual,1,ArrowUp,ArrowUp,36,1 
3,3,3,3,male,1,1002,ambient,1,ArrowUp,ArrowUp,37,14 
3,3,3,3,male,1,1130,imagery,0,ArrowUp,ArrowUp,38,6 
3,3,3,3,male,1,1115,imagery,0, , ,39,2 
3,3,3,3,male,0,1236,visual,0,ArrowLeft,ArrowUp,40,18 
3,3,3,3,male,1,776,visual,1,ArrowRight,ArrowRight,41,8 
3,3,3,3,male,1,857,imagery,0,ArrowDown,ArrowDown,42,12 
3,3,3,3,male,1,1334,imagery,1, , ,43,18 
3,3,3,3,male,1,1103,imagery,1,ArrowDown,ArrowDown,44,5 
3,3,3,3,male,1,1384,visual,0,ArrowRight,ArrowRight,45,17 
3,3,3,3,male,1,954,ambient,0, , ,46,4 
3,3,3,3,male,1,1865,visual,0, , ,47,16 
3,3,3,3,male,1,878,imagery,0,ArrowRight,ArrowRight,48,7 
3,3,3,3,male,1,840,imagery,0,ArrowUp,ArrowUp,49,11 
3,3,3,3,male,0,1136,ambient,0,ArrowLeft, ,50,18 
3,3,3,3,male,1,983,imagery,1,ArrowDown,ArrowDown,51,10 
3,3,3,3,male,1,1960,imagery,0,ArrowUp,ArrowUp,52,9 
3,3,3,3,male,1,1290,visual,0, , ,53,12 
3,3,3,3,male,1,923,ambient,0,ArrowDown,ArrowDown,54,3 
3,3,3,3,male,1,1105,visual,1,ArrowRight,ArrowRight,55,6 
3,3,3,3,male,1,710,imagery,1,ArrowRight,ArrowRight,56,4 
3,3,3,3,male,1,1043,ambient,1,ArrowRight,ArrowRight,57,7 
3,3,3,3,male,1,1013,visual,0,ArrowLeft,ArrowLeft,58,5 
3,3,3,3,male,1,1038,visual,1,ArrowDown,ArrowDown,59,2 
3,3,3,3,male,1,995,ambient,1,ArrowRight,ArrowRight,60,16 
4,4,4,5,female,1,2198,visual,1,ArrowLeft,ArrowLeft,1,15 
4,4,4,5,female,1,2207,imagery,1, , ,2,10 
4,4,4,5,female,1,2018,visual,1, , ,3,17 
4,4,4,5,female,0,1755,ambient,0,ArrowDown,ArrowUp,4,17 
4,4,4,5,female,1,1799,imagery,0,ArrowLeft,ArrowLeft,5,2 
4,4,4,5,female,1,1592,ambient,0,ArrowRight,ArrowRight,6,10 
4,4,4,5,female,1,1198,ambient,1, , ,7,13 
4,4,4,5,female,1,1276,visual,0,ArrowDown,ArrowDown,8,4 
4,4,4,5,female,1,1188,visual,0,ArrowLeft,ArrowLeft,9,9 
4,4,4,5,female,1,1012,visual,1, , ,10,5 
4,4,4,5,female,1,1513,imagery,1,ArrowRight,ArrowRight,11,8 
4,4,4,5,female,1,1308,imagery,0, , ,12,9 
4,4,4,5,female,1,2426,imagery,1,ArrowRight,ArrowRight,13,18 
4,4,4,5,female,1,1418,visual,0,ArrowLeft,ArrowLeft,14,3 
4,4,4,5,female,1,986,imagery,1,ArrowLeft,ArrowLeft,15,20 
4,4,4,5,female,1,824,visual,0,ArrowLeft,ArrowLeft,16,13 
4,4,4,5,female,1,1154,visual,0,ArrowDown,ArrowDown,17,1 
4,4,4,5,female,1,999,visual,0, , ,18,19 
4,4,4,5,female,1,1443,imagery,0, , ,19,11 
4,4,4,5,female,1,1369,ambient,1,ArrowDown,ArrowDown,20,9 
4,4,4,5,female,1,900,visual,1, , ,21,7 
4,4,4,5,female,1,938,ambient,1, , ,22,2 
4,4,4,5,female,1,1265,ambient,0,ArrowRight,ArrowRight,23,8 
4,4,4,5,female,1,1137,imagery,0,ArrowDown,ArrowDown,24,4 
4,4,4,5,female,1,820,ambient,1,ArrowRight,ArrowRight,25,1 
4,4,4,5,female,1,901,imagery,1,ArrowUp,ArrowUp,26,19 
4,4,4,5,female,1,736,imagery,0,ArrowLeft,ArrowLeft,27,12 
4,4,4,5,female,1,1710,ambient,1,ArrowUp,ArrowUp,28,11 
4,4,4,5,female,1,1018,ambient,0, , ,29,15 
4,4,4,5,female,1,881,ambient,1, , ,30,5 
4,4,4,5,female,0,1009,visual,1,ArrowUp,ArrowLeft,31,14 
4,4,4,5,female,1,1015,visual,0,ArrowRight,ArrowRight,32,20 
4,4,4,5,female,1,855,ambient,0,ArrowRight,ArrowRight,33,20 
4,4,4,5,female,1,970,ambient,0,ArrowUp,ArrowUp,34,3 
4,4,4,5,female,1,1294,ambient,0,ArrowLeft,ArrowLeft,35,16 
4,4,4,5,female,1,796,visual,1,ArrowRight,ArrowRight,36,6 
4,4,4,5,female,1,789,visual,1,ArrowLeft,ArrowLeft,37,11 
4,4,4,5,female,1,936,ambient,1,ArrowRight,ArrowRight,38,19 
4,4,4,5,female,1,1617,imagery,0,ArrowDown,ArrowDown,39,13 
4,4,4,5,female,1,773,imagery,1,ArrowUp,ArrowUp,40,15 
4,4,4,5,female,1,1180,imagery,0,ArrowRight,ArrowRight,41,17 
4,4,4,5,female,1,810,imagery,1,ArrowUp,ArrowUp,42,14 
4,4,4,5,female,1,935,visual,1, , ,43,8 
4,4,4,5,female,1,1708,visual,1,ArrowRight,ArrowRight,44,18 
4,4,4,5,female,1,709,ambient,1,ArrowRight,ArrowRight,45,7 
4,4,4,5,female,1,1509,visual,0, , ,46,2 
4,4,4,5,female,1,1085,imagery,1,ArrowRight,ArrowRight,47,7 
4,4,4,5,female,0,2185,visual,0,ArrowLeft,ArrowUp,48,16 
4,4,4,5,female,1,1115,imagery,0,ArrowDown,ArrowDown,49,3 
4,4,4,5,female,1,1295,visual,0,ArrowLeft,ArrowLeft,50,10 
4,4,4,5,female,1,1045,ambient,1,ArrowRight,ArrowRight,51,4 
4,4,4,5,female,1,2005,imagery,0,ArrowDown,ArrowDown,52,6 
4,4,4,5,female,1,890,imagery,1,ArrowUp,ArrowUp,53,1 
4,4,4,5,female,1,1034,visual,1,ArrowUp,ArrowUp,54,12 
4,4,4,5,female,1,968,imagery,0, , ,55,5 
4,4,4,5,female,1,1577,ambient,0,ArrowDown,ArrowDown,56,18 
4,4,4,5,female,1,1122,imagery,1, , ,57,16 
4,4,4,5,female,1,1080,ambient,1,ArrowUp,ArrowUp,58,14 
4,4,4,5,female,1,1470,ambient,0, , ,59,6 
4,4,4,5,female,1,1058,ambient,0, , ,60,12 
3,4,4,3,male,1,1680,ambient,0, , ,1,5 
3,4,4,3,male,1,1282,ambient,0,ArrowLeft,ArrowLeft,2,15 
3,4,4,3,male,1,1499,imagery,0,ArrowRight,ArrowRight,3,12 
3,4,4,3,male,1,1431,visual,0,ArrowUp,ArrowUp,4,6 
3,4,4,3,male,1,1044,ambient,0,ArrowUp,ArrowUp,5,17 
3,4,4,3,male,1,1254,visual,1,ArrowRight,ArrowRight,6,5 
3,4,4,3,male,1,855,imagery,0,ArrowUp,ArrowUp,7,13 
3,4,4,3,male,1,850,visual,1,ArrowUp,ArrowUp,8,8 
3,4,4,3,male,1,894,ambient,0, , ,9,8 
3,4,4,3,male,1,820,ambient,1, , ,10,4 
3,4,4,3,male,1,806,imagery,0, , ,11,19 
3,4,4,3,male,1,900,imagery,1,ArrowRight,ArrowRight,12,10 
3,4,4,3,male,1,1210,ambient,0,ArrowDown,ArrowDown,13,3 
3,4,4,3,male,1,680,ambient,1, , ,14,19 
3,4,4,3,male,1,789,visual,0,ArrowUp,ArrowUp,15,7 
3,4,4,3,male,1,1131,imagery,1,ArrowLeft,ArrowLeft,16,5 
3,4,4,3,male,1,715,visual,1,ArrowRight,ArrowRight,17,4 
3,4,4,3,male,1,1039,imagery,0,ArrowRight,ArrowRight,18,18 
3,4,4,3,male,1,1371,visual,0,ArrowDown,ArrowDown,19,2 
3,4,4,3,male,1,853,ambient,1,ArrowRight,ArrowRight,20,18 
3,4,4,3,male,1,760,ambient,1,ArrowLeft,ArrowLeft,21,10 
3,4,4,3,male,1,859,ambient,0,ArrowDown,ArrowDown,22,12 
3,4,4,3,male,1,1044,visual,0,ArrowLeft,ArrowLeft,23,18 
3,4,4,3,male,1,821,ambient,0,ArrowLeft,ArrowLeft,24,13 
3,4,4,3,male,1,653,visual,1,ArrowRight,ArrowRight,25,3 
3,4,4,3,male,1,1197,visual,0, , ,26,10 
3,4,4,3,male,0,780,ambient,0,ArrowUp, ,27,9 
3,4,4,3,male,1,917,visual,1,ArrowRight,ArrowRight,28,19 
3,4,4,3,male,1,782,imagery,0,ArrowRight,ArrowRight,29,6 
3,4,4,3,male,1,749,imagery,1,ArrowRight,ArrowRight,30,9 
3,4,4,3,male,1,636,imagery,0,ArrowLeft,ArrowLeft,31,7 
3,4,4,3,male,0,1059,visual,1,ArrowLeft,ArrowDown,32,14 
3,4,4,3,male,1,673,visual,1,ArrowRight,ArrowRight,33,17 
3,4,4,3,male,0,794,imagery,1,ArrowDown,ArrowUp,34,15 
3,4,4,3,male,1,1084,visual,0,ArrowDown,ArrowDown,35,1 
3,4,4,3,male,1,1516,imagery,1,ArrowRight,ArrowRight,36,2 
3,4,4,3,male,1,805,visual,0,ArrowLeft,ArrowLeft,37,9 
3,4,4,3,male,1,657,visual,1,ArrowLeft,ArrowLeft,38,13 
3,4,4,3,male,1,998,ambient,1,ArrowDown,ArrowDown,39,14 
3,4,4,3,male,1,829,visual,1,ArrowLeft,ArrowLeft,40,11 
3,4,4,3,male,1,778,imagery,0,ArrowDown,ArrowDown,41,8 
3,4,4,3,male,1,716,ambient,1,ArrowLeft,ArrowLeft,42,7 
3,4,4,3,male,1,1823,imagery,0,ArrowLeft,ArrowLeft,43,16 
3,4,4,3,male,1,1045,ambient,1,ArrowUp,ArrowUp,44,20 
3,4,4,3,male,0,934,ambient,1,ArrowRight,ArrowUp,45,2 
3,4,4,3,male,1,1026,visual,1,ArrowLeft,ArrowLeft,46,12 
3,4,4,3,male,1,987,imagery,1, , ,47,3 
3,4,4,3,male,1,1007,ambient,0,ArrowLeft,ArrowLeft,48,11 
3,4,4,3,male,1,1063,imagery,0,ArrowRight,ArrowRight,49,14 
3,4,4,3,male,1,1287,visual,0, , ,50,15 
3,4,4,3,male,1,1113,visual,0, , ,51,16 
3,4,4,3,male,1,1678,imagery,1,ArrowRight,ArrowRight,52,17 
3,4,4,3,male,1,985,visual,0, , ,53,20 
3,4,4,3,male,1,739,imagery,1,ArrowRight,ArrowRight,54,11 
3,4,4,3,male,1,848,ambient,1,ArrowRight,ArrowRight,55,1 
3,4,4,3,male,1,733,imagery,1, , ,56,1 
3,4,4,3,male,1,1744,ambient,1,ArrowDown,ArrowDown,57,6 
3,4,4,3,male,1,1663,ambient,0,ArrowLeft,ArrowLeft,58,16 
3,4,4,3,male,1,669,imagery,1,ArrowRight,ArrowRight,59,4 
3,4,4,3,male,1,1174,imagery,0,ArrowRight,ArrowRight,60,20 
4,4,4,4,female,1,1232,imagery,1,ArrowLeft,ArrowLeft,1,19 
4,4,4,4,female,1,1370,imagery,0,ArrowLeft,ArrowLeft,2,6 
4,4,4,4,female,1,837,imagery,1,ArrowUp,ArrowUp,3,20 
4,4,4,4,female,1,1073,imagery,0,ArrowDown,ArrowDown,4,7 
4,4,4,4,female,1,1317,ambient,0, , ,5,9 
4,4,4,4,female,1,1313,ambient,0,ArrowDown,ArrowDown,6,8 
4,4,4,4,female,1,1471,ambient,0,ArrowUp,ArrowUp,7,2 
4,4,4,4,female,1,1228,ambient,0,ArrowLeft,ArrowLeft,8,17 
4,4,4,4,female,1,771,ambient,1,ArrowUp,ArrowUp,9,10 
4,4,4,4,female,1,1151,visual,0,ArrowRight,ArrowRight,10,16 
4,4,4,4,female,1,694,ambient,0,ArrowUp,ArrowUp,11,6 
4,4,4,4,female,1,859,imagery,1,ArrowLeft,ArrowLeft,12,3 
4,4,4,4,female,1,657,visual,0,ArrowLeft,ArrowLeft,13,3 
4,4,4,4,female,1,1206,imagery,0,ArrowRight,ArrowRight,14,14 
4,4,4,4,female,1,1181,ambient,0,ArrowUp,ArrowUp,15,7 
4,4,4,4,female,1,1210,visual,1, , ,16,20 
4,4,4,4,female,1,1684,visual,0,ArrowUp,ArrowUp,17,1 
4,4,4,4,female,1,1076,visual,0,ArrowRight,ArrowRight,18,17 
4,4,4,4,female,1,1022,imagery,1,ArrowLeft,ArrowLeft,19,4 
4,4,4,4,female,1,825,ambient,1,ArrowLeft,ArrowLeft,20,13 
4,4,4,4,female,1,840,visual,0,ArrowUp,ArrowUp,21,15 
4,4,4,4,female,1,1050,imagery,0, , ,22,8 
4,4,4,4,female,1,1714,visual,0,ArrowRight,ArrowRight,23,18 
4,4,4,4,female,1,600,visual,1,ArrowLeft,ArrowLeft,24,13 
4,4,4,4,female,1,809,ambient,1, , ,25,19 
4,4,4,4,female,1,2144,imagery,0,ArrowLeft,ArrowLeft,26,1 
4,4,4,4,female,1,1176,ambient,1,ArrowRight,ArrowRight,27,15 
4,4,4,4,female,1,916,ambient,1,ArrowRight,ArrowRight,28,12 
4,4,4,4,female,1,1365,visual,0,ArrowDown,ArrowDown,29,19 
4,4,4,4,female,1,901,ambient,0,ArrowRight,ArrowRight,30,20 
4,4,4,4,female,1,584,visual,0,ArrowUp,ArrowUp,31,8 
4,4,4,4,female,1,1311,ambient,1,ArrowLeft,ArrowLeft,32,18 
4,4,4,4,female,1,1149,imagery,0,ArrowDown,ArrowDown,33,12 
4,4,4,4,female,1,820,visual,1,ArrowRight,ArrowRight,34,6 
4,4,4,4,female,1,1400,ambient,1,ArrowUp,ArrowUp,35,5 
4,4,4,4,female,1,1029,visual,1,ArrowLeft,ArrowLeft,36,2 
4,4,4,4,female,1,950,imagery,0,ArrowRight,ArrowRight,37,11 
4,4,4,4,female,1,798,visual,0,ArrowRight,ArrowRight,38,12 
4,4,4,4,female,1,746,visual,1,ArrowLeft,ArrowLeft,39,5 
4,4,4,4,female,0,1556,ambient,1,ArrowDown, ,40,1 
4,4,4,4,female,0,730,ambient,0, ,ArrowUp,41,3 
4,4,4,4,female,1,910,visual,1,ArrowDown,ArrowDown,42,10 
4,4,4,4,female,1,755,visual,1,ArrowUp,ArrowUp,43,14 
4,4,4,4,female,1,886,imagery,1,ArrowRight,ArrowRight,44,2 
4,4,4,4,female,1,990,imagery,1,ArrowDown,ArrowDown,45,9 
4,4,4,4,female,1,1145,ambient,0,ArrowRight,ArrowRight,46,14 
4,4,4,4,female,1,875,visual,1,ArrowLeft,ArrowLeft,47,4 
4,4,4,4,female,1,1160,imagery,1,ArrowUp,ArrowUp,48,17 
4,4,4,4,female,1,710,imagery,1,ArrowRight,ArrowRight,49,13 
4,4,4,4,female,0,1238,visual,0,ArrowRight, ,50,9 
4,4,4,4,female,1,1124,visual,1, , ,51,7 
4,4,4,4,female,1,1028,visual,1, , ,52,11 
4,4,4,4,female,1,1388,imagery,0,ArrowUp,ArrowUp,53,15 
4,4,4,4,female,1,871,ambient,1,ArrowUp,ArrowUp,54,4 
4,4,4,4,female,1,1127,imagery,0,ArrowDown,ArrowDown,55,18 
4,4,4,4,female,1,1225,imagery,0,ArrowDown,ArrowDown,56,10 
4,4,4,4,female,1,1129,ambient,0,ArrowUp,ArrowUp,57,11 
4,4,4,4,female,1,1460,imagery,1,ArrowDown,ArrowDown,58,16 
4,4,4,4,female,1,987,ambient,1,ArrowDown,ArrowDown,59,16 
4,4,4,4,female,1,1007,imagery,1,ArrowUp,ArrowUp,60,5 
2,2,2,3,female,1,1026,visual,0, , ,1,19 
2,2,2,3,female,1,1491,visual,0,ArrowLeft,ArrowLeft,2,18 
2,2,2,3,female,1,1041,ambient,0,ArrowDown,ArrowDown,3,11 
2,2,2,3,female,1,1443,visual,0,ArrowLeft,ArrowLeft,4,2 
2,2,2,3,female,1,900,ambient,1,ArrowDown,ArrowDown,5,9 
2,2,2,3,female,1,985,imagery,0,ArrowRight,ArrowRight,6,8 
2,2,2,3,female,1,605,imagery,1,ArrowLeft,ArrowLeft,7,20 
2,2,2,3,female,1,1107,visual,0, , ,8,12 
2,2,2,3,female,1,826,ambient,0,ArrowRight,ArrowRight,9,5 
2,2,2,3,female,1,899,visual,0,ArrowDown,ArrowDown,10,20 
2,2,2,3,female,1,1102,imagery,0, , ,11,14 
2,2,2,3,female,1,984,imagery,1,ArrowDown,ArrowDown,12,12 
2,2,2,3,female,1,812,visual,0,ArrowLeft,ArrowLeft,13,10 
2,2,2,3,female,1,869,visual,1,ArrowLeft,ArrowLeft,14,6 
2,2,2,3,female,1,1172,imagery,1,ArrowLeft,ArrowLeft,15,15 
2,2,2,3,female,1,640,visual,0,ArrowLeft,ArrowLeft,16,13 
2,2,2,3,female,1,671,imagery,0,ArrowRight,ArrowRight,17,5 
2,2,2,3,female,1,1283,visual,0,ArrowUp,ArrowUp,18,5 
2,2,2,3,female,1,795,ambient,0,ArrowRight,ArrowRight,19,19 
2,2,2,3,female,1,1068,imagery,1,ArrowLeft,ArrowLeft,20,19 
2,2,2,3,female,1,1028,ambient,0, , ,21,6 
2,2,2,3,female,1,1317,ambient,0,ArrowLeft,ArrowLeft,22,8 
2,2,2,3,female,1,1521,ambient,1,ArrowRight,ArrowRight,23,10 
2,2,2,3,female,1,877,visual,0, , ,24,8 
2,2,2,3,female,1,1136,imagery,0,ArrowRight,ArrowRight,25,1 
2,2,2,3,female,1,1169,ambient,0, , ,26,16 
2,2,2,3,female,1,562,ambient,1,ArrowLeft,ArrowLeft,27,12 
2,2,2,3,female,1,918,imagery,1, , ,28,17 
2,2,2,3,female,1,1032,visual,1,ArrowLeft,ArrowLeft,29,3 
2,2,2,3,female,1,990,ambient,1,ArrowDown,ArrowDown,30,18 
2,2,2,3,female,1,658,ambient,1,ArrowLeft,ArrowLeft,31,17 
2,2,2,3,female,0,1273,imagery,1,ArrowDown, ,32,11 
2,2,2,3,female,1,844,ambient,0,ArrowUp,ArrowUp,33,7 
2,2,2,3,female,1,1506,imagery,1, , ,34,2 
2,2,2,3,female,1,1554,imagery,0,ArrowUp,ArrowUp,35,10 
2,2,2,3,female,1,1035,ambient,1,ArrowRight,ArrowRight,36,13 
2,2,2,3,female,1,1479,visual,1, , ,37,16 
2,2,2,3,female,1,1011,visual,1,ArrowRight,ArrowRight,38,9 
2,2,2,3,female,1,845,visual,1,ArrowDown,ArrowDown,39,7 
2,2,2,3,female,1,800,ambient,1, , ,40,20 
2,2,2,3,female,0,1133,ambient,1,ArrowDown, ,41,15 
2,2,2,3,female,1,1086,imagery,0,ArrowRight,ArrowRight,42,13 
2,2,2,3,female,1,1000,ambient,1,ArrowLeft,ArrowLeft,43,3 
2,2,2,3,female,1,1221,imagery,1,ArrowDown,ArrowDown,44,6 
2,2,2,3,female,1,1673,visual,1,ArrowUp,ArrowUp,45,1 
2,2,2,3,female,1,1103,visual,1, , ,46,17 
2,2,2,3,female,1,966,imagery,1,ArrowDown,ArrowDown,47,16 
2,2,2,3,female,1,759,ambient,0,ArrowUp,ArrowUp,48,4 
2,2,2,3,female,0,1006,imagery,0,ArrowRight,ArrowDown,49,3 
2,2,2,3,female,1,1016,ambient,0,ArrowDown,ArrowDown,50,2 
2,2,2,3,female,1,870,imagery,0,ArrowRight,ArrowRight,51,4 
2,2,2,3,female,1,826,visual,1,ArrowUp,ArrowUp,52,15 
2,2,2,3,female,1,708,visual,1,ArrowDown,ArrowDown,53,11 
2,2,2,3,female,1,885,visual,0,ArrowRight,ArrowRight,54,4 
2,2,2,3,female,1,809,imagery,0,ArrowDown,ArrowDown,55,7 
2,2,2,3,female,1,987,visual,1,ArrowLeft,ArrowLeft,56,14 
2,2,2,3,female,1,768,ambient,0,ArrowLeft,ArrowLeft,57,14 
2,2,2,3,female,1,1310,imagery,1,ArrowLeft,ArrowLeft,58,18 
2,2,2,3,female,1,830,ambient,1,ArrowLeft,ArrowLeft,59,1 
2,2,2,3,female,1,1123,imagery,0, , ,60,9 
3,2,2,2,male,1,1831,imagery,0,ArrowRight,ArrowRight,1,18 
3,2,2,2,male,0,1666,imagery,1, ,ArrowUp,2,12 
3,2,2,2,male,1,1470,visual,1,ArrowDown,ArrowDown,3,6 
3,2,2,2,male,0,2692,imagery,0, ,ArrowRight,4,6 
3,2,2,2,male,1,1520,visual,1,ArrowUp,ArrowUp,5,2 
3,2,2,2,male,1,1108,ambient,1,ArrowRight,ArrowRight,6,6 
3,2,2,2,male,1,1234,imagery,0,ArrowRight,ArrowRight,7,13 
3,2,2,2,male,1,1054,ambient,0,ArrowUp,ArrowUp,8,12 
3,2,2,2,male,1,1038,visual,1,ArrowLeft,ArrowLeft,9,1 
3,2,2,2,male,1,1327,visual,1,ArrowDown,ArrowDown,10,14 
3,2,2,2,male,1,1465,imagery,0,ArrowUp,ArrowUp,11,4 
3,2,2,2,male,1,2076,imagery,0, , ,12,1 
3,2,2,2,male,1,1301,ambient,0,ArrowRight,ArrowRight,13,8 
3,2,2,2,male,1,980,visual,1,ArrowRight,ArrowRight,14,15 
3,2,2,2,male,1,877,imagery,1,ArrowRight,ArrowRight,15,14 
3,2,2,2,male,1,1314,ambient,0, , ,16,7 
3,2,2,2,male,1,1017,ambient,1,ArrowDown,ArrowDown,17,4 
3,2,2,2,male,1,1299,imagery,0,ArrowUp,ArrowUp,18,10 
3,2,2,2,male,1,1128,visual,0,ArrowRight,ArrowRight,19,11 
3,2,2,2,male,1,1491,visual,0,ArrowRight,ArrowRight,20,17 
3,2,2,2,male,1,909,ambient,0,ArrowRight,ArrowRight,21,15 
3,2,2,2,male,1,1235,imagery,0, , ,22,8 
3,2,2,2,male,1,928,visual,1,ArrowDown,ArrowDown,23,10 
3,2,2,2,male,1,1144,ambient,1,ArrowUp,ArrowUp,24,16 
3,2,2,2,male,1,979,ambient,1,ArrowUp,ArrowUp,25,13 
3,2,2,2,male,1,1293,imagery,1, , ,26,20 
3,2,2,2,male,1,1587,visual,1,ArrowLeft,ArrowLeft,27,16 
3,2,2,2,male,1,1310,imagery,0,ArrowRight,ArrowRight,28,5 
3,2,2,2,male,1,1157,ambient,1,ArrowUp,ArrowUp,29,20 
3,2,2,2,male,1,1103,visual,0, , ,30,12 
3,2,2,2,male,1,1038,imagery,1,ArrowUp,ArrowUp,31,17 
3,2,2,2,male,1,1555,imagery,0, , ,32,2 
3,2,2,2,male,1,1525,ambient,1,ArrowDown,ArrowDown,33,9 
3,2,2,2,male,1,970,ambient,0,ArrowDown,ArrowDown,34,1 
3,2,2,2,male,1,837,ambient,1,ArrowUp,ArrowUp,35,5 
3,2,2,2,male,1,1022,visual,0, , ,36,4 
3,2,2,2,male,1,793,visual,0,ArrowDown,ArrowDown,37,8 
3,2,2,2,male,1,908,visual,1,ArrowDown,ArrowDown,38,20 
3,2,2,2,male,1,844,visual,0,ArrowDown,ArrowDown,39,5 
3,2,2,2,male,1,771,visual,0,ArrowRight,ArrowRight,40,13 
3,2,2,2,male,1,992,visual,1,ArrowLeft,ArrowLeft,41,19 
3,2,2,2,male,1,1358,imagery,1, , ,42,16 
3,2,2,2,male,1,1288,ambient,1, , ,43,2 
3,2,2,2,male,1,1244,ambient,1,ArrowRight,ArrowRight,44,17 
3,2,2,2,male,1,1188,imagery,1,ArrowLeft,ArrowLeft,45,11 
3,2,2,2,male,1,2112,imagery,1,ArrowDown,ArrowDown,46,7 
3,2,2,2,male,1,1949,ambient,0,ArrowUp,ArrowUp,47,19 
3,2,2,2,male,1,1038,visual,0, , ,48,3 
3,2,2,2,male,1,1144,imagery,1,ArrowUp,ArrowUp,49,3 
3,2,2,2,male,1,1958,visual,0, , ,50,18 
3,2,2,2,male,1,1543,visual,1,ArrowLeft,ArrowLeft,51,7 
3,2,2,2,male,1,1582,imagery,1,ArrowDown,ArrowDown,52,15 
3,2,2,2,male,1,1334,visual,0, , ,53,9 
3,2,2,2,male,1,2497,ambient,0,ArrowRight,ArrowRight,54,18 
3,2,2,2,male,1,1253,imagery,0,ArrowRight,ArrowRight,55,19 
3,2,2,2,male,1,1664,ambient,0,ArrowDown,ArrowDown,56,14 
3,2,2,2,male,1,1859,ambient,0, , ,57,10 
3,2,2,2,male,1,2004,ambient,0,ArrowDown,ArrowDown,58,3 
3,2,2,2,male,1,1061,imagery,1,ArrowRight,ArrowRight,59,9 
3,2,2,2,male,1,1061,ambient,1,ArrowRight,ArrowRight,60,11 
3,2,4,4,male,1,2123,visual,1,ArrowLeft,ArrowLeft,1,10 
3,2,4,4,male,0,1095,imagery,0,ArrowLeft,ArrowUp,2,2 
3,2,4,4,male,1,1143,imagery,1,ArrowRight,ArrowRight,3,7 
3,2,4,4,male,1,1702,imagery,0,ArrowLeft,ArrowLeft,4,18 
3,2,4,4,male,1,2151,imagery,1, , ,5,10 
3,2,4,4,male,1,1364,ambient,0, , ,6,7 
3,2,4,4,male,1,1535,visual,0,ArrowUp,ArrowUp,7,2 
3,2,4,4,male,1,1866,ambient,0,ArrowRight,ArrowRight,8,16 
3,2,4,4,male,1,1064,imagery,1,ArrowLeft,ArrowLeft,9,13 
3,2,4,4,male,1,935,visual,1,ArrowDown,ArrowDown,10,11 
3,2,4,4,male,1,1098,imagery,1, , ,11,15 
3,2,4,4,male,1,1378,visual,1,ArrowLeft,ArrowLeft,12,5 
3,2,4,4,male,1,1148,imagery,0,ArrowUp,ArrowUp,13,9 
3,2,4,4,male,1,579,ambient,1,ArrowLeft,ArrowLeft,14,11 
3,2,4,4,male,1,814,imagery,0, , ,15,17 
3,2,4,4,male,1,920,visual,1,ArrowLeft,ArrowLeft,16,14 
3,2,4,4,male,0,775,ambient,1,ArrowRight, ,17,14 
3,2,4,4,male,1,1364,imagery,1, , ,18,11 
3,2,4,4,male,1,1040,visual,0, , ,19,9 
3,2,4,4,male,1,868,ambient,1,ArrowUp,ArrowUp,20,15 
3,2,4,4,male,1,1059,visual,1, , ,21,12 
3,2,4,4,male,1,1354,ambient,0,ArrowUp,ArrowUp,22,9 
3,2,4,4,male,1,759,ambient,1,ArrowDown,ArrowDown,23,12 
3,2,4,4,male,1,1132,visual,0, , ,24,18 
3,2,4,4,male,1,859,visual,1, , ,25,16 
3,2,4,4,male,1,751,imagery,1, , ,26,8 
3,2,4,4,male,1,997,imagery,0, , ,27,16 
3,2,4,4,male,1,1512,visual,1,ArrowDown,ArrowDown,28,15 
3,2,4,4,male,0,849,ambient,0,ArrowRight, ,29,1 
3,2,4,4,male,1,1220,visual,0,ArrowDown,ArrowDown,30,1 
3,2,4,4,male,1,1369,imagery,0,ArrowRight,ArrowRight,31,20 
3,2,4,4,male,1,847,ambient,1, , ,32,19 
3,2,4,4,male,1,824,ambient,1,ArrowRight,ArrowRight,33,20 
3,2,4,4,male,1,1089,ambient,1, , ,34,5 
3,2,4,4,male,1,2028,imagery,0,ArrowDown,ArrowDown,35,5 
3,2,4,4,male,0,695,visual,0,ArrowUp,ArrowLeft,36,8 
3,2,4,4,male,1,1261,imagery,0,ArrowDown,ArrowDown,37,14 
3,2,4,4,male,1,957,ambient,0,ArrowDown,ArrowDown,38,17 
3,2,4,4,male,1,690,imagery,1,ArrowDown,ArrowDown,39,12 
3,2,4,4,male,1,807,imagery,1,ArrowLeft,ArrowLeft,40,3 
3,2,4,4,male,1,1333,visual,0,ArrowDown,ArrowDown,41,4 
3,2,4,4,male,1,770,ambient,1,ArrowUp,ArrowUp,42,4 
3,2,4,4,male,1,1014,visual,1,ArrowDown,ArrowDown,43,20 
3,2,4,4,male,1,1043,visual,0,ArrowUp,ArrowUp,44,6 
3,2,4,4,male,1,993,ambient,1,ArrowRight,ArrowRight,45,18 
3,2,4,4,male,1,1648,ambient,0,ArrowDown,ArrowDown,46,10 
3,2,4,4,male,1,999,imagery,1,ArrowDown,ArrowDown,47,6 
3,2,4,4,male,1,871,ambient,1,ArrowUp,ArrowUp,48,6 
3,2,4,4,male,1,1012,visual,0,ArrowUp,ArrowUp,49,17 
3,2,4,4,male,1,1028,imagery,1,ArrowUp,ArrowUp,50,19 
3,2,4,4,male,1,836,visual,1,ArrowDown,ArrowDown,51,13 
3,2,4,4,male,1,744,visual,0,ArrowRight,ArrowRight,52,7 
3,2,4,4,male,1,774,ambient,0,ArrowDown,ArrowDown,53,8 
3,2,4,4,male,1,756,visual,0,ArrowRight,ArrowRight,54,3 
3,2,4,4,male,1,624,ambient,0,ArrowDown,ArrowDown,55,3 
3,2,4,4,male,1,1063,imagery,0, , ,56,1 
3,2,4,4,male,1,748,imagery,0,ArrowUp,ArrowUp,57,4 
3,2,4,4,male,1,1231,ambient,0,ArrowDown,ArrowDown,58,2 
3,2,4,4,male,1,776,ambient,0,ArrowLeft,ArrowLeft,59,13 
3,2,4,4,male,1,795,visual,1,ArrowRight,ArrowRight,60,19 
4,4,4,3,male,1,1592,visual,0,ArrowRight,ArrowRight,1,2 
4,4,4,3,male,1,1568,visual,0,ArrowUp,ArrowUp,2,10 
4,4,4,3,male,1,1703,imagery,1,ArrowLeft,ArrowLeft,3,2 
4,4,4,3,male,1,1443,ambient,0,ArrowDown,ArrowDown,4,6 
4,4,4,3,male,1,1439,ambient,1,ArrowRight,ArrowRight,5,14 
4,4,4,3,male,1,1573,imagery,0,ArrowLeft,ArrowLeft,6,12 
4,4,4,3,male,1,1221,imagery,0,ArrowRight,ArrowRight,7,19 
4,4,4,3,male,1,1107,imagery,0,ArrowDown,ArrowDown,8,4 
4,4,4,3,male,1,1020,imagery,0,ArrowUp,ArrowUp,9,15 
4,4,4,3,male,1,1104,visual,1, , ,10,19 
4,4,4,3,male,1,1650,imagery,1,ArrowLeft,ArrowLeft,11,16 
4,4,4,3,male,1,1499,imagery,1,ArrowDown,ArrowDown,12,18 
4,4,4,3,male,1,2317,ambient,0, , ,13,16 
4,4,4,3,male,0,1055,imagery,1,ArrowLeft, ,14,7 
4,4,4,3,male,1,1189,visual,1,ArrowLeft,ArrowLeft,15,18 
4,4,4,3,male,1,1318,imagery,1, , ,16,10 
4,4,4,3,male,1,1585,ambient,1,ArrowLeft,ArrowLeft,17,12 
4,4,4,3,male,1,981,visual,1, , ,18,20 
4,4,4,3,male,1,1286,imagery,0,ArrowDown,ArrowDown,19,13 
4,4,4,3,male,1,1483,ambient,1,ArrowUp,ArrowUp,20,1 
4,4,4,3,male,1,911,ambient,1,ArrowLeft,ArrowLeft,21,5 
4,4,4,3,male,1,764,visual,1,ArrowRight,ArrowRight,22,1 
4,4,4,3,male,0,925,ambient,1,ArrowLeft, ,23,2 
4,4,4,3,male,1,890,ambient,1,ArrowUp,ArrowUp,24,13 
4,4,4,3,male,1,1166,visual,0,ArrowLeft,ArrowLeft,25,5 
4,4,4,3,male,1,988,ambient,0,ArrowLeft,ArrowLeft,26,8 
4,4,4,3,male,1,1097,visual,1,ArrowDown,ArrowDown,27,8 
4,4,4,3,male,1,1392,ambient,1, , ,28,11 
4,4,4,3,male,1,1175,visual,0,ArrowLeft,ArrowLeft,29,4 
4,4,4,3,male,1,811,visual,1, , ,30,15 
4,4,4,3,male,1,1024,imagery,1,ArrowUp,ArrowUp,31,3 
4,4,4,3,male,1,2079,ambient,0, , ,32,19 
4,4,4,3,male,1,1023,visual,1, , ,33,3 
4,4,4,3,male,1,1282,imagery,1,ArrowUp,ArrowUp,34,1 
4,4,4,3,male,1,916,ambient,0,ArrowLeft,ArrowLeft,35,10 
4,4,4,3,male,1,1165,ambient,1,ArrowDown,ArrowDown,36,9 
4,4,4,3,male,1,887,visual,1, , ,37,11 
4,4,4,3,male,1,1047,visual,0,ArrowUp,ArrowUp,38,14 
4,4,4,3,male,1,2111,imagery,0, , ,39,11 
4,4,4,3,male,1,901,imagery,0,ArrowLeft,ArrowLeft,40,8 
4,4,4,3,male,1,844,ambient,0,ArrowRight,ArrowRight,41,4 
4,4,4,3,male,1,930,imagery,1,ArrowRight,ArrowRight,42,5 
4,4,4,3,male,1,1321,visual,0,ArrowLeft,ArrowLeft,43,13 
4,4,4,3,male,0,1162,visual,0,ArrowUp, ,44,17 
4,4,4,3,male,1,1079,ambient,1, , ,45,20 
4,4,4,3,male,1,1049,imagery,1,ArrowRight,ArrowRight,46,9 
4,4,4,3,male,1,883,visual,0,ArrowDown,ArrowDown,47,12 
4,4,4,3,male,1,868,ambient,0,ArrowLeft,ArrowLeft,48,3 
4,4,4,3,male,1,708,visual,1,ArrowLeft,ArrowLeft,49,6 
4,4,4,3,male,1,1032,visual,0,ArrowUp,ArrowUp,50,7 
4,4,4,3,male,1,1168,imagery,0,ArrowDown,ArrowDown,51,14 
4,4,4,3,male,1,1019,ambient,0, , ,52,18 
4,4,4,3,male,1,1347,visual,1,ArrowDown,ArrowDown,53,16 
4,4,4,3,male,1,859,ambient,0, , ,54,7 
4,4,4,3,male,1,880,imagery,0, , ,55,20 
4,4,4,3,male,1,881,imagery,1,ArrowUp,ArrowUp,56,17 
4,4,4,3,male,1,904,visual,0, , ,57,9 
4,4,4,3,male,1,1064,ambient,1,ArrowDown,ArrowDown,58,15 
4,4,4,3,male,1,899,imagery,0,ArrowUp,ArrowUp,59,6 
4,4,4,3,male,1,882,ambient,0,ArrowUp,ArrowUp,60,17 
5,5,4,5,female,1,1986,imagery,0,ArrowLeft,ArrowLeft,1,2 
5,5,4,5,female,1,1589,ambient,0,ArrowDown,ArrowDown,2,16 
5,5,4,5,female,1,1455,visual,1, , ,3,6 
5,5,4,5,female,1,953,visual,1,ArrowLeft,ArrowLeft,4,18 
5,5,4,5,female,1,1136,visual,1, , ,5,13 
5,5,4,5,female,1,1590,imagery,0,ArrowUp,ArrowUp,6,16 
5,5,4,5,female,1,1386,imagery,0,ArrowUp,ArrowUp,7,9 
5,5,4,5,female,1,865,imagery,1,ArrowLeft,ArrowLeft,8,13 
5,5,4,5,female,1,1954,ambient,0, , ,9,11 
5,5,4,5,female,1,1268,visual,0, , ,10,2 
5,5,4,5,female,1,1084,visual,0,ArrowUp,ArrowUp,11,12 
5,5,4,5,female,1,1039,visual,1, , ,12,15 
5,5,4,5,female,1,1383,imagery,1,ArrowDown,ArrowDown,13,14 
5,5,4,5,female,1,959,ambient,0,ArrowUp,ArrowUp,14,18 
5,5,4,5,female,1,1004,ambient,1,ArrowUp,ArrowUp,15,2 
5,5,4,5,female,1,841,visual,0,ArrowRight,ArrowRight,16,14 
5,5,4,5,female,1,898,ambient,1,ArrowRight,ArrowRight,17,1 
5,5,4,5,female,1,777,visual,0,ArrowUp,ArrowUp,18,4 
5,5,4,5,female,1,857,ambient,0,ArrowLeft,ArrowLeft,19,20 
5,5,4,5,female,1,905,visual,0,ArrowRight,ArrowRight,20,7 
5,5,4,5,female,1,1117,visual,1, , ,21,8 
5,5,4,5,female,1,1145,ambient,1,ArrowLeft,ArrowLeft,22,5 
5,5,4,5,female,1,801,visual,0,ArrowLeft,ArrowLeft,23,5 
5,5,4,5,female,1,840,visual,0,ArrowLeft,ArrowLeft,24,17 
5,5,4,5,female,1,1094,visual,1,ArrowLeft,ArrowLeft,25,16 
5,5,4,5,female,1,873,ambient,1,ArrowLeft,ArrowLeft,26,12 
5,5,4,5,female,1,919,imagery,0, , ,27,4 
5,5,4,5,female,1,726,visual,0,ArrowUp,ArrowUp,28,19 
5,5,4,5,female,1,970,imagery,1,ArrowUp,ArrowUp,29,1 
5,5,4,5,female,1,1001,visual,1,ArrowDown,ArrowDown,30,20 
5,5,4,5,female,1,889,imagery,0, , ,31,5 
5,5,4,5,female,1,907,imagery,1,ArrowDown,ArrowDown,32,12 
5,5,4,5,female,1,805,ambient,1,ArrowDown,ArrowDown,33,7 
5,5,4,5,female,1,808,imagery,0, , ,34,15 
5,5,4,5,female,1,898,ambient,0,ArrowLeft,ArrowLeft,35,14 
5,5,4,5,female,1,1408,imagery,0,ArrowDown,ArrowDown,36,10 
5,5,4,5,female,1,885,ambient,1,ArrowRight,ArrowRight,37,17 
5,5,4,5,female,1,770,visual,0,ArrowUp,ArrowUp,38,3 
5,5,4,5,female,1,695,ambient,1,ArrowLeft,ArrowLeft,39,6 
5,5,4,5,female,1,1129,ambient,0,ArrowRight,ArrowRight,40,10 
5,5,4,5,female,1,817,ambient,0,ArrowRight,ArrowRight,41,15 
5,5,4,5,female,1,679,ambient,0,ArrowLeft,ArrowLeft,42,4 
5,5,4,5,female,1,814,imagery,1, , ,43,7 
5,5,4,5,female,1,567,visual,1,ArrowRight,ArrowRight,44,11 
5,5,4,5,female,1,888,ambient,0, , ,45,19 
5,5,4,5,female,1,1238,ambient,1, , ,46,13 
5,5,4,5,female,1,965,imagery,0, , ,47,18 
5,5,4,5,female,1,923,visual,1, , ,48,10 
5,5,4,5,female,1,777,imagery,1,ArrowUp,ArrowUp,49,17 
5,5,4,5,female,1,872,ambient,1,ArrowRight,ArrowRight,50,9 
5,5,4,5,female,1,747,ambient,0, , ,51,8 
5,5,4,5,female,1,596,imagery,0,ArrowRight,ArrowRight,52,8 
5,5,4,5,female,1,1252,ambient,1, , ,53,3 
5,5,4,5,female,1,759,imagery,1, , ,54,11 
5,5,4,5,female,1,1259,visual,1,ArrowUp,ArrowUp,55,1 
5,5,4,5,female,0,718,imagery,1,ArrowDown, ,56,3 
5,5,4,5,female,1,1191,visual,0,ArrowRight,ArrowRight,57,9 
5,5,4,5,female,1,663,imagery,1,ArrowUp,ArrowUp,58,19 
5,5,4,5,female,1,975,imagery,1,ArrowLeft,ArrowLeft,59,6 
5,5,4,5,female,1,960,imagery,0,ArrowLeft,ArrowLeft,60,20 
4,5,5,4,female,1,1886,visual,1, , ,1,14 
4,5,5,4,female,1,1389,ambient,0,ArrowRight,ArrowRight,2,5 
4,5,5,4,female,1,1735,visual,0,ArrowLeft,ArrowLeft,3,12 
4,5,5,4,female,1,1495,visual,0,ArrowLeft,ArrowLeft,4,1 
4,5,5,4,female,1,1390,imagery,1, , ,5,1 
4,5,5,4,female,1,1439,imagery,0, , ,6,2 
4,5,5,4,female,1,887,imagery,1,ArrowRight,ArrowRight,7,18 
4,5,5,4,female,1,879,imagery,1, , ,8,19 
4,5,5,4,female,1,1198,imagery,0,ArrowLeft,ArrowLeft,9,4 
4,5,5,4,female,1,807,visual,1,ArrowLeft,ArrowLeft,10,16 
4,5,5,4,female,1,868,imagery,1, , ,11,14 
4,5,5,4,female,1,793,ambient,1, , ,12,1 
4,5,5,4,female,1,892,ambient,1,ArrowDown,ArrowDown,13,12 
4,5,5,4,female,1,1099,visual,0,ArrowDown,ArrowDown,14,2 
4,5,5,4,female,1,792,visual,1,ArrowDown,ArrowDown,15,13 
4,5,5,4,female,1,1385,ambient,0,ArrowLeft,ArrowLeft,16,14 
4,5,5,4,female,1,1109,visual,0,ArrowRight,ArrowRight,17,18 
4,5,5,4,female,1,849,imagery,0,ArrowLeft,ArrowLeft,18,8 
4,5,5,4,female,1,952,ambient,0, , ,19,6 
4,5,5,4,female,1,712,imagery,0,ArrowDown,ArrowDown,20,6 
4,5,5,4,female,1,770,imagery,0,ArrowLeft,ArrowLeft,21,11 
4,5,5,4,female,1,873,ambient,0,ArrowLeft,ArrowLeft,22,17 
4,5,5,4,female,1,759,imagery,1,ArrowUp,ArrowUp,23,16 
4,5,5,4,female,1,756,ambient,0,ArrowDown,ArrowDown,24,16 
4,5,5,4,female,1,749,visual,0, , ,25,9 
4,5,5,4,female,1,800,imagery,1,ArrowUp,ArrowUp,26,3 
4,5,5,4,female,1,690,ambient,1,ArrowLeft,ArrowLeft,27,15 
4,5,5,4,female,1,842,visual,1,ArrowLeft,ArrowLeft,28,6 
4,5,5,4,female,1,832,imagery,0, , ,29,5 
4,5,5,4,female,1,793,visual,1,ArrowUp,ArrowUp,30,20 
4,5,5,4,female,1,753,imagery,0,ArrowLeft,ArrowLeft,31,13 
4,5,5,4,female,1,848,visual,0, , ,32,8 
4,5,5,4,female,1,794,ambient,1,ArrowUp,ArrowUp,33,4 
4,5,5,4,female,1,751,ambient,1,ArrowDown,ArrowDown,34,11 
4,5,5,4,female,1,838,visual,1,ArrowDown,ArrowDown,35,3 
4,5,5,4,female,1,629,imagery,1,ArrowDown,ArrowDown,36,7 
4,5,5,4,female,1,739,visual,1,ArrowUp,ArrowUp,37,4 
4,5,5,4,female,1,867,imagery,0,ArrowUp,ArrowUp,38,12 
4,5,5,4,female,1,1980,visual,0,ArrowUp,ArrowUp,39,10 
4,5,5,4,female,1,825,visual,0,ArrowDown,ArrowDown,40,15 
4,5,5,4,female,1,914,imagery,0,ArrowLeft,ArrowLeft,41,20 
4,5,5,4,female,1,748,ambient,0,ArrowLeft,ArrowLeft,42,9 
4,5,5,4,female,1,1058,visual,1,ArrowDown,ArrowDown,43,17 
4,5,5,4,female,0,797,ambient,1,ArrowRight, ,44,3 
4,5,5,4,female,1,881,ambient,0,ArrowUp,ArrowUp,45,20 
4,5,5,4,female,1,672,ambient,1,ArrowDown,ArrowDown,46,10 
4,5,5,4,female,1,763,imagery,0,ArrowDown,ArrowDown,47,9 
4,5,5,4,female,1,929,imagery,1,ArrowDown,ArrowDown,48,17 
4,5,5,4,female,1,707,ambient,1,ArrowRight,ArrowRight,49,7 
4,5,5,4,female,1,804,imagery,1,ArrowRight,ArrowRight,50,15 
4,5,5,4,female,1,745,ambient,0, , ,51,8 
4,5,5,4,female,1,673,ambient,0, , ,52,13 
4,5,5,4,female,1,1229,visual,0,ArrowUp,ArrowUp,53,11 
4,5,5,4,female,1,797,imagery,1,ArrowRight,ArrowRight,54,10 
4,5,5,4,female,1,756,visual,1,ArrowLeft,ArrowLeft,55,19 
4,5,5,4,female,1,955,ambient,1,ArrowRight,ArrowRight,56,2 
4,5,5,4,female,1,682,visual,0,ArrowDown,ArrowDown,57,7 
4,5,5,4,female,1,1780,visual,1, , ,58,5 
4,5,5,4,female,1,932,ambient,0,ArrowLeft,ArrowLeft,59,19 
4,5,5,4,female,1,1040,ambient,1,ArrowUp,ArrowUp,60,18 
3,4,2,5,male,1,1925,visual,0,ArrowDown,ArrowDown,1,20 
3,4,2,5,male,1,1429,ambient,1,ArrowDown,ArrowDown,2,6 
3,4,2,5,male,1,2357,ambient,1,ArrowUp,ArrowUp,3,8 
3,4,2,5,male,1,1963,visual,0, , ,4,6 
3,4,2,5,male,1,1549,visual,0,ArrowUp,ArrowUp,5,1 
3,4,2,5,male,1,1301,visual,0,ArrowLeft,ArrowLeft,6,18 
3,4,2,5,male,1,1017,imagery,1,ArrowRight,ArrowRight,7,8 
3,4,2,5,male,1,956,ambient,0,ArrowUp,ArrowUp,8,7 
3,4,2,5,male,1,1078,ambient,1,ArrowLeft,ArrowLeft,9,14 
3,4,2,5,male,1,801,imagery,1,ArrowUp,ArrowUp,10,7 
3,4,2,5,male,1,907,visual,1,ArrowDown,ArrowDown,11,7 
3,4,2,5,male,1,1046,ambient,0,ArrowUp,ArrowUp,12,4 
3,4,2,5,male,1,1494,imagery,0, , ,13,12 
3,4,2,5,male,1,835,visual,1,ArrowLeft,ArrowLeft,14,15 
3,4,2,5,male,1,1186,visual,1,ArrowUp,ArrowUp,15,9 
3,4,2,5,male,1,1187,visual,1,ArrowRight,ArrowRight,16,19 
3,4,2,5,male,1,1674,visual,0, , ,17,12 
3,4,2,5,male,1,1918,ambient,1,ArrowUp,ArrowUp,18,16 
3,4,2,5,male,1,1000,imagery,0,ArrowDown,ArrowDown,19,5 
3,4,2,5,male,1,1059,imagery,1,ArrowRight,ArrowRight,20,18 
3,4,2,5,male,1,1130,imagery,1, , ,21,17 
3,4,2,5,male,1,975,imagery,1, , ,22,4 
3,4,2,5,male,1,899,ambient,1,ArrowUp,ArrowUp,23,3 
3,4,2,5,male,1,731,ambient,1, , ,24,15 
3,4,2,5,male,1,1847,ambient,0,ArrowDown,ArrowDown,25,1 
3,4,2,5,male,1,1608,imagery,0,ArrowUp,ArrowUp,26,9 
3,4,2,5,male,1,741,visual,1, , ,27,4 
3,4,2,5,male,1,1094,visual,0,ArrowUp,ArrowUp,28,8 
3,4,2,5,male,1,984,imagery,1,ArrowRight,ArrowRight,29,3 
3,4,2,5,male,1,1644,visual,0,ArrowDown,ArrowDown,30,16 
3,4,2,5,male,1,922,ambient,0,ArrowRight,ArrowRight,31,20 
3,4,2,5,male,1,1439,visual,1,ArrowUp,ArrowUp,32,10 
3,4,2,5,male,1,932,ambient,0,ArrowLeft,ArrowLeft,33,17 
3,4,2,5,male,1,1084,imagery,1,ArrowDown,ArrowDown,34,14 
3,4,2,5,male,1,1556,imagery,0,ArrowRight,ArrowRight,35,16 
3,4,2,5,male,1,1307,ambient,1, , ,36,5 
3,4,2,5,male,1,910,visual,1, , ,37,17 
3,4,2,5,male,1,1949,ambient,0,ArrowUp,ArrowUp,38,2 
3,4,2,5,male,1,930,imagery,0,ArrowLeft,ArrowLeft,39,13 
3,4,2,5,male,1,1158,imagery,0,ArrowDown,ArrowDown,40,10 
3,4,2,5,male,1,1035,imagery,1,ArrowLeft,ArrowLeft,41,1 
3,4,2,5,male,1,930,ambient,0,ArrowLeft,ArrowLeft,42,11 
3,4,2,5,male,1,1638,imagery,0,ArrowLeft,ArrowLeft,43,2 
3,4,2,5,male,1,1072,ambient,1,ArrowRight,ArrowRight,44,19 
3,4,2,5,male,1,1138,visual,0,ArrowRight,ArrowRight,45,5 
3,4,2,5,male,1,780,ambient,0,ArrowDown,ArrowDown,46,13 
3,4,2,5,male,1,872,visual,1, , ,47,3 
3,4,2,5,male,1,908,visual,1, , ,48,2 
3,4,2,5,male,1,828,imagery,0,ArrowRight,ArrowRight,49,20 
3,4,2,5,male,1,1486,imagery,0,ArrowUp,ArrowUp,50,6 
3,4,2,5,male,1,786,visual,1,ArrowRight,ArrowRight,51,14 
3,4,2,5,male,1,1071,visual,0,ArrowUp,ArrowUp,52,13 
3,4,2,5,male,1,1192,ambient,1,ArrowRight,ArrowRight,53,18 
3,4,2,5,male,1,980,ambient,0, , ,54,12 
3,4,2,5,male,1,1238,imagery,0,ArrowUp,ArrowUp,55,15 
3,4,2,5,male,1,890,imagery,1,ArrowLeft,ArrowLeft,56,19 
3,4,2,5,male,1,876,ambient,1,ArrowUp,ArrowUp,57,9 
3,4,2,5,male,1,1216,ambient,0,ArrowDown,ArrowDown,58,10 
3,4,2,5,male,1,1034,visual,0,ArrowLeft,ArrowLeft,59,11 
3,4,2,5,male,1,806,imagery,1,ArrowUp,ArrowUp,60,11 
4,4,2,5,male,1,2351,visual,0,ArrowRight,ArrowRight,1,12 
4,4,2,5,male,1,2014,ambient,1,ArrowDown,ArrowDown,2,19 
4,4,2,5,male,1,2177,visual,0,ArrowRight,ArrowRight,3,4 
4,4,2,5,male,1,1666,ambient,1, , ,4,20 
4,4,2,5,male,1,1150,ambient,0,ArrowDown,ArrowDown,5,13 
4,4,2,5,male,1,1286,visual,0,ArrowDown,ArrowDown,6,3 
4,4,2,5,male,1,1941,imagery,0, , ,7,11 
4,4,2,5,male,1,1525,imagery,1,ArrowUp,ArrowUp,8,7 
4,4,2,5,male,1,793,imagery,1,ArrowUp,ArrowUp,9,17 
4,4,2,5,male,1,949,visual,1,ArrowUp,ArrowUp,10,10 
4,4,2,5,male,1,1466,visual,0,ArrowLeft,ArrowLeft,11,14 
4,4,2,5,male,1,1546,ambient,1,ArrowUp,ArrowUp,12,1 
4,4,2,5,male,1,1295,ambient,0, , ,13,17 
4,4,2,5,male,1,1240,imagery,0,ArrowRight,ArrowRight,14,19 
4,4,2,5,male,1,1326,ambient,1,ArrowUp,ArrowUp,15,5 
4,4,2,5,male,1,2317,ambient,0,ArrowLeft,ArrowLeft,16,2 
4,4,2,5,male,1,1317,imagery,0,ArrowLeft,ArrowLeft,17,8 
4,4,2,5,male,1,858,ambient,1,ArrowDown,ArrowDown,18,4 
4,4,2,5,male,1,924,imagery,1,ArrowDown,ArrowDown,19,10 
4,4,2,5,male,1,1063,visual,0,ArrowUp,ArrowUp,20,9 
4,4,2,5,male,1,2667,visual,1, , ,21,2 
4,4,2,5,male,1,1471,ambient,0,ArrowUp,ArrowUp,22,6 
4,4,2,5,male,1,1069,ambient,1,ArrowDown,ArrowDown,23,15 
4,4,2,5,male,1,1271,imagery,0, , ,24,1 
4,4,2,5,male,1,951,visual,1,ArrowUp,ArrowUp,25,6 
4,4,2,5,male,1,974,visual,1,ArrowLeft,ArrowLeft,26,15 
4,4,2,5,male,1,909,ambient,0, , ,27,8 
4,4,2,5,male,1,677,imagery,0,ArrowRight,ArrowRight,28,4 
4,4,2,5,male,1,814,ambient,1, , ,29,14 
4,4,2,5,male,1,1969,imagery,1,ArrowUp,ArrowUp,30,9 
4,4,2,5,male,1,702,visual,1,ArrowLeft,ArrowLeft,31,1 
4,4,2,5,male,1,997,ambient,0, , ,32,18 
4,4,2,5,male,1,870,imagery,0,ArrowUp,ArrowUp,33,20 
4,4,2,5,male,1,724,imagery,0,ArrowDown,ArrowDown,34,12 
4,4,2,5,male,1,740,visual,0,ArrowLeft,ArrowLeft,35,20 
4,4,2,5,male,1,712,ambient,0,ArrowRight,ArrowRight,36,9 
4,4,2,5,male,1,678,ambient,1,ArrowRight,ArrowRight,37,3 
4,4,2,5,male,0,1505,visual,1,ArrowUp, ,38,5 
4,4,2,5,male,1,1642,ambient,0, , ,39,16 
4,4,2,5,male,1,1082,ambient,0,ArrowLeft,ArrowLeft,40,11 
4,4,2,5,male,1,1360,visual,0,ArrowDown,ArrowDown,41,17 
4,4,2,5,male,1,940,visual,0,ArrowLeft,ArrowLeft,42,7 
4,4,2,5,male,1,895,ambient,1,ArrowDown,ArrowDown,43,7 
4,4,2,5,male,1,1128,ambient,0,ArrowUp,ArrowUp,44,12 
4,4,2,5,male,1,728,imagery,1,ArrowDown,ArrowDown,45,14 
4,4,2,5,male,1,1199,visual,0,ArrowDown,ArrowDown,46,16 
4,4,2,5,male,1,760,imagery,1,ArrowRight,ArrowRight,47,16 
4,4,2,5,male,1,1002,imagery,0,ArrowUp,ArrowUp,48,18 
4,4,2,5,male,1,1640,visual,0, , ,49,18 
4,4,2,5,male,1,1159,visual,1,ArrowUp,ArrowUp,50,19 
4,4,2,5,male,1,1704,visual,1,ArrowLeft,ArrowLeft,51,11 
4,4,2,5,male,1,680,visual,1,ArrowRight,ArrowRight,52,8 
4,4,2,5,male,1,1321,imagery,1, , ,53,6 
4,4,2,5,male,1,1317,ambient,1,ArrowRight,ArrowRight,54,10 
4,4,2,5,male,1,719,imagery,1,ArrowRight,ArrowRight,55,13 
4,4,2,5,male,1,941,imagery,1, , ,56,15 
4,4,2,5,male,1,1384,imagery,1,ArrowDown,ArrowDown,57,2 
4,4,2,5,male,1,744,visual,1,ArrowLeft,ArrowLeft,58,13 
4,4,2,5,male,1,930,imagery,0,ArrowUp,ArrowUp,59,3 
4,4,2,5,male,1,819,imagery,0,ArrowRight,ArrowRight,60,5 
